1124882f-2b5e-4919-9301-4796beae903e,d71f8699-99ce-41ef-ac23-b4393dba92dd
190f87fb-2f95-4bda-9eca-d1bbb1387b7e,101269af-4d6e-483b-8d8a-781faa647401
4e184383-06e2-45cf-95db-19aefaee7bfe,3cbcb68d-e1cf-4386-a144-f91c5daec00e
5401ab50-bf8e-4d8b-84ac-bb1a60e765ae,f3b5e2e3-9a73-4b1b-b9af-cde37c33f805
5478c6b1-cd87-4e64-b047-00ab900c4924,d71f8699-99ce-41ef-ac23-b4393dba92dd
5f1b9712-c53a-4b43-bb01-8748acb7101b,d71f8699-99ce-41ef-ac23-b4393dba92dd
7994e839-3a5c-45cd-8c9d-c033e1783bb9,d71f8699-99ce-41ef-ac23-b4393dba92dd
7e77c80e-ae0b-472f-b7ab-2d0b9f99f9c3,f3b5e2e3-9a73-4b1b-b9af-cde37c33f805
84458913-4bc7-47b9-9dc5-16cdcae3750d,d71f8699-99ce-41ef-ac23-b4393dba92dd
8792ee48-e7a4-417a-85a9-65446b55961d,c4a5c109-adae-434c-968d-2c0ee1c1f1cc
8e7e9d10-aeb9-4507-a5a8-a9804dc9db21,db6b6980-830a-4add-83a6-01adf4d8566b
90538f4a-4e03-496a-901b-740de53c2b45,3b881b74-a467-4311-9ead-c2d6d9876b88
9c5e064b-f7f4-4df6-a34a-4c50cc2c608f,d71f8699-99ce-41ef-ac23-b4393dba92dd
a1bff5c9-8fe8-4902-8456-6364a5ed4974,f3b5e2e3-9a73-4b1b-b9af-cde37c33f805
b56055e3-86e1-4051-8710-0a26834a4c14,3cbcb68d-e1cf-4386-a144-f91c5daec00e
cb43c88d-e4d5-47ec-816f-82fb92f1f783,d71f8699-99ce-41ef-ac23-b4393dba92dd
