3e1181df-9ab1-4334-91ca-805bca7a4f76,422c2d85-7aec-4cb7-a814-616ecac8be23,,2022-01-01,2022-01-01
64707139-3565-4fb4-9bb1-0bcbe79b1a4c,422c2d85-7aec-4cb7-a814-616ecac8be23,,2022-01-01,2022-01-01
eed21e8c-ecba-4eff-8cb4-1ebbbc379663,422c2d85-7aec-4cb7-a814-616ecac8be23,,2022-01-01,2022-01-01
1d199baf-97eb-4906-bebc-f7720662a6d7,422c2d85-7aec-4cb7-a814-616ecac8be23,,2022-01-01,2022-01-01
b2bd00cf-0622-4a3b-952e-2f7cc58a78d3,422c2d85-7aec-4cb7-a814-616ecac8be23,,2022-01-01,2022-01-01
3a0103cb-47cb-4548-9025-c261d9e63e8d,422c2d85-7aec-4cb7-a814-616ecac8be23,,2022-01-01,2022-01-01
fb489f60-0653-4890-9adf-c51c43b41410,422c2d85-7aec-4cb7-a814-616ecac8be23,,2022-01-01,2022-01-01
1cea8df2-1736-4fba-b9f9-01a6a7904319,422c2d85-7aec-4cb7-a814-616ecac8be23,,2022-01-01,2022-01-01
541b3815-39ae-4b66-b13a-d7cc4aff66fc,422c2d85-7aec-4cb7-a814-616ecac8be23,,2022-01-01,2022-01-01
e512bab2-946d-4e32-a584-851f4ce734a8,422c2d85-7aec-4cb7-a814-616ecac8be23,,2022-01-01,2022-01-01
a3adf68b-c75a-49fa-afb5-779782c027a0,422c2d85-7aec-4cb7-a814-616ecac8be23,,2022-01-01,2022-01-01
efdf05b0-c103-4996-8ad6-a32b927a7de2,422c2d85-7aec-4cb7-a814-616ecac8be23,,2022-01-01,2022-01-01
49b41672-5fa8-4141-a710-c42346766698,422c2d85-7aec-4cb7-a814-616ecac8be23,,2022-01-01,2022-01-01
a6b028e8-611a-4ee0-b7e5-afa4b29d4243,422c2d85-7aec-4cb7-a814-616ecac8be23,,2022-01-01,2022-01-01
dab0f920-b8c5-4ed9-81b0-92510979be3f,422c2d85-7aec-4cb7-a814-616ecac8be23,,2022-01-01,2022-01-01
