12782585-6783-4dc7-b13f-f28d72e43d01,2bf5cd3a-3790-4157-8be2-34efd1e0fdca
27276ec4-25a4-4df6-8194-62d1892799e4,422c2d85-7aec-4cb7-a814-616ecac8be23
397155cc-ab0c-49ae-94cd-febc1cf5f2b2,422c2d85-7aec-4cb7-a814-616ecac8be23
44c8ec9f-3a44-4db4-907a-9cecaa50f12b,2bf5cd3a-3790-4157-8be2-34efd1e0fdca
6081e893-b4bb-4710-b4e8-9b3f7267a22d,2bf5cd3a-3790-4157-8be2-34efd1e0fdca
74f0267c-83b2-4947-ba26-a8d2559afbb5,2bf5cd3a-3790-4157-8be2-34efd1e0fdca
7dea4fd8-46b0-44a1-9832-6e05e156d8f1,2bf5cd3a-3790-4157-8be2-34efd1e0fdca
a3025918-bc32-4fd8-8fe4-aef5cf87ab98,2bf5cd3a-3790-4157-8be2-34efd1e0fdca
b01698df-3d2d-4ac7-949a-f60c07e3b9d5,2bf5cd3a-3790-4157-8be2-34efd1e0fdca
baf764e2-c4e2-481a-97fc-66fba5ce8741,2bf5cd3a-3790-4157-8be2-34efd1e0fdca
d47bd11a-fe57-4974-8fc3-b0a13b0106d0,2bf5cd3a-3790-4157-8be2-34efd1e0fdca
dce24893-242a-4483-a5af-36bda06e9274,422c2d85-7aec-4cb7-a814-616ecac8be23
e4e5f1f4-e7ee-4871-b2b5-50638b4ad4d1,2bf5cd3a-3790-4157-8be2-34efd1e0fdca
ed16ce93-2c5d-49f6-9a57-2115ad593e6e,422c2d85-7aec-4cb7-a814-616ecac8be23
edb9c0b1-5e3c-4c31-b984-9fa006ab3f24,422c2d85-7aec-4cb7-a814-616ecac8be23
